Role of Pattern Recognition Receptors in Recognition of Bacteria and Viruses,MAP2K4,IL12A,TLR8,C1QA,CCL5,C1QB,IL6,EIF2S1,IFIH1,MBL2,TLR1,CREB1,CASP1,TLR7,C3,NLRP3,C5AR1,IL10,MAPK8,TLR9,TLR2,TLR4,TLR6,IL1B,TNF,C3AR1,PRKCB,,,,,,,,,,,,
Hepatic Fibrosis / Hepatic Stellate Cell Activation,IGFBP4,IL1A,TGFBR1,MYL2,CCL5,IL6,IGF1,TIMP1,TGFB1,ECE1,TNFRSF1B,IL4,IFNG,CXCL9,TNFRSF1A,IL10,IL6R,IGFBP5,MMP2,IL1R1,TLR4,LY96,CSF1,IGFBP3,CCL21,TGFB3,CD14,IL1B,TNF,MMP9,,,,,,,,,
"Role of Macrophages, Fibroblasts and Endothelial Cells in Rheumatoid Arthritis",MAP2K6,MAP2K4,IL1A,MMP3,AXIN1,CEBPD,TLR8,CCL5,IL6,FCGR1A,CCND1,MYC,TGFB1,TLR1,CREB1,TLR7,LTBR,NOS2,TNFRSF1B,FCGR3A,TNFSF11,C5AR1,TNFRSF1A,IL10,IL6R,STAT3,IL1R1,TLR9,IL7,TLR2,TLR4,FOS,IL1RN,CSF1,TLR6,IL1B,TNF,LRP1,PRKCB
Granulocyte Adhesion and Diapedesis,IL1A,MMP3,CCL17,CCL5,CXCL10,Ccl8,CXCR2,Ccl2,MMP11,TNFRSF1B,CCL19,CXCL9,C5AR1,TNFRSF1A,Cxcl15,CXCR4,MMP2,IL1R1,CCL11,CXCL6,ITGB2,ITGAM,CCL4,CCL7,IL1RN,CCL21,CCL3L1/CCL3L3,IL1B,TNF,MMP9,HSPB1,,,,,,,,
Acute Phase Response Signaling,MAP2K4,MAP2K6,SERPING1,FTL,IL1A,C3,TNFRSF1A,C1S,IL6R,MAPK8,VWF,SERPINA3,STAT3,IL1R1,IL6,PLG,C1R,C4A/C4B,FOS,HMOX1,MBL2,TF,IL1RN,CRP,CFB,IL1B,SERPINA1,TNFRSF1B,TNF,C2,,,,,,,,,
Communication between Innate and Adaptive Immune Cells,B2M,IFNG,IL1A,IL12A,IL10,TLR8,HLA-DRB1,IL6,CCL5,TLR9,CXCL10,TLR2,TLR4,CCL4,IL1RN,HLA-DRA,TLR1,TLR6,TLR7,FCER1G,CCL3L1/CCL3L3,IL1B,TNF,IL4,,,,,,,,,,,,,,,
Altered T Cell and B Cell Signaling in Rheumatoid Arthritis,IFNG,TNFSF11,IL1A,IL12A,IL10,TLR8,HLA-DRB1,IL6,TLR9,TLR2,TLR4,IL1RN,CSF1,TGFB1,HLA-DRA,TLR1,TLR6,CCL21,TLR7,FCER1G,IL1B,TNF,IL4,,,,,,,,,,,,,,,,
Colorectal Cancer Metastasis Signaling,MAP2K4,TGFBR1,MMP3,AXIN1,TLR8,IL6,CCND1,PTGER1,MYC,TGFB1,TLR1,TLR7,MMP11,NOS2,PTGER4,IFNG,TNFRSF1A,IL6R,MAPK8,MMP2,STAT3,TLR9,TLR2,TLR4,FOS,TLR6,TGFB3,PTGS2,JAK3,TNF,LRP1,MMP9,,,,,,,
Agranulocyte Adhesion and Diapedesis,IL1A,MYL2,MMP3,CCL17,CCL5,CXCL10,CXCR2,Ccl8,Ccl2,MMP11,CCL19,CXCL9,C5AR1,CXCR4,Cxcl15,TNFRSF1A,MMP2,IL1R1,CCL11,CXCL6,ITGB2,CCL4,CCL7,IL1RN,CCL21,CCL3L1/CCL3L3,IL1B,TNF,MMP9,,,,,,,,,,
LXR/RXR Activation,APOE,IL1A,C3,MSR1,TNFRSF1A,CD36,IL6,IL1R1,ABCA1,C4A/C4B,TLR4,LY96,CCL7,TF,IL1RN,CD14,IL1B,S100A8,SERPINA1,PTGS2,TNFRSF1B,NOS2,TNF,MMP9,,,,,,,,,,,,,,,
TREM1 Signaling,TREM1,NLRP3,TYROBP,IL10,TLR8,IL6,STAT3,TLR9,FCGR2B,TLR2,TLR4,MPO,CCL7,TLR1,TLR6,CASP1,TLR7,IL1B,TNF,ITGAX,,,,,,,,,,,,,,,,,,,
Dendritic Cell Maturation,MAP2K4,B2M,IL1A,IL12A,TYROBP,TNFRSF1A,FCGR2A,IL10,MAPK8,HLA-DRB1,IL6,TLR9,TREM2,FCGR2B,FCGR1A,TLR2,TLR4,IL1RN,CREB1,HLA-DRA,FCER1G,IL1B,LTBR,TNFRSF1B,TNF,FCGR3A,,,,,,,,,,,,,
 ,CCR1,MAP2K4,MAP2K6,IL1A,IL10,FCGR2A,MAPK8,IL6,STAT3,IL1R1,FCGR2B,HMOX1,FOS,IL1RN,IL10RB,CD14,IL1B,TNF,,,,,,,,,,,,,,,,,,,,,
T Helper Cell Differentiation,IFNG,STAT6,IL12A,TGFBR1,TNFRSF1A,IL10,IL6R,HLA-DRB1,IL6,STAT3,TGFB1,HLA-DRA,IL10RB,FCER1G,TNFRSF1B,TNF,IL4,,,,,,,,,,,,,,,,,,,,,,
"Role of Osteoblasts, Osteoclasts and Chondrocytes in Rheumatoid Arthritis",MAP2K4,MAP2K6,IFNG,TNFSF11,ADAM17,IL1A,MMP3,TNFRSF1A,IL10,AXIN1,MAPK8,IL1R1,IL6,IL7,CSF1R,FOS,IGF1,CSF1,IL1RN,TGFB1,IL1B,TNFRSF1B,TNF,LRP1,IL4,,,,,,,,,,,,,,
Complement System,C4A/C4B,C1R,SERPING1,MBL2,C5AR1,MASP2,C3,C1S,CFB,C1QA,C1QB,C3AR1,C2,,,,,,,,,,,,,,,,,,,,,,,,,,
NF-ë¼B Signaling,MAP2K6,TNFSF11,IL1A,TGFBR1,TNFRSF1A,TLR8,MAPK8,IL1R1,TLR9,TLR2,TLR4,IL1RN,TLR1,TLR6,TLR7,FCER1G,IL1B,LTBR,CASP8,TNFRSF1B,TNF,PRKCB,,,,,,,,,,,,,,,,,
Atherosclerosis Signaling,IFNG,APOE,IL1A,MSR1,MMP3,CXCR4,CD36,IL6,CCL11,ITGB2,IL1RN,TGFB1,CSF1,IL1B,S100A8,SERPINA1,ALOX5,TNF,MMP9,,,,,,,,,,,,,,,,,,,,
IL-6 Signaling,MAP2K4,MAP2K6,IL1A,TNFRSF1A,HSPB2,IL6R,MAPK8,IL6,STAT3,IL1R1,FOS,IL1RN,CRP,CD14,IL1B,TNFRSF1B,TNF,HSPB1,,,,,,,,,,,,,,,,,,,,,
p38 MAPK Signaling,MAP2K4,MAP2K6,IL1A,TGFBR1,TNFRSF1A,HSPB2,IL1R1,MEF2B,MYC,IL1RN,TGFB1,CREB1,TGFB3,IL1B,MEF2C,TNFRSF1B,TNF,HSPB1,,,,,,,,,,,,,,,,,,,,,
Production of Nitric Oxide and Reactive Oxygen Species in Macrophages,MAP2K4,IFNG,APOE,PTPN6,TNFRSF1A,PPP2CA,MAPK8,TLR2,FOS,TLR4,NCF1,MPO,CAT,S100A8,SERPINA1,TNFRSF1B,NOS2,JAK3,TNF,IL4,PRKCB,,,,,,,,,,,,,,,,,,
IL-12 Signaling and Production in Macrophages,MAP2K4,IFNG,STAT6,APOE,IL12A,IL10,MAPK8,TLR2,FOS,TLR4,TGFB1,TGFB3,S100A8,SERPINA1,NOS2,TNF,IL4,PRKCB,,,,,,,,,,,,,,,,,,,,,
Toll-like Receptor Signaling,TLR2,MAP2K6,MAP2K4,FOS,TLR4,LY96,TLR6,TLR1,TLR7,MAPK8,TLR8,CD14,TLR9,,,,,,,,,,,,,,,,,,,,,,,,,,
Glucocorticoid Receptor Signaling,MAP2K4,IFNG,TGFBR1,IL10,MAPK8,IL6,STAT3,CCL5,CCL11,CD163,FCGR1A,FOS,TGFB1,IL1RN,CREB1,TGFB3,IL1B,PTGS2,NOS2,JAK3,TNF,IL4,,,,,,,,,,,,,,,,,
Neuroprotective Role of THOP1 in Alzheimer's Disease,MME,PLG,IFNG,ECE2,CREB1,SERPINA3,ECE1,IDE,MMP9,ACE,APP,,,,,,,,,,,,,,,,,,,,,,,,,,,,
Type I Diabetes Mellitus Signaling,MAP2K4,MAP2K6,IFNG,IL12A,TNFRSF1A,MAPK8,HLA-DRB1,IL1R1,HLA-DRA,FCER1G,IL1B,NOS2,CASP8,TNFRSF1B,TNF,,,,,,,,,,,,,,,,,,,,,,,,
Role of Hypercytokinemia/hyperchemokinemia in the Pathogenesis of Influenza,CXCL10,CCR1,IFNG,IL1A,IL12A,CCL4,IL1RN,IL1B,CCL5,IL6,TNF,,,,,,,,,,,,,,,,,,,,,,,,,,,,
Crosstalk between Dendritic Cells and Natural Killer Cells,TLR4,IFNG,IL12A,TYROBP,HLA-DRA,TLR7,HLA-DRB1,LTBR,IL6,TNFRSF1B,TLR9,TREM2,TNF,IL4,,,,,,,,,,,,,,,,,,,,,,,,,
Hepatic Cholestasis,MAP2K4,TLR4,IFNG,LY96,IL1A,IL1RN,TNFRSF1A,MAPK8,CD14,IL1B,IL1R1,IL6,TNFRSF1B,TNF,PRKCB,,,,,,,,,,,,,,,,,,,,,,,,
Differential Regulation of Cytokine Production in Intestinal Epithelial Cells by IL-17A and IL-17F,IFNG,IL1A,IL12A,CCL4,IL10,IL1B,CCL5,TNF,,,,,,,,,,,,,,,,,,,,,,,,,,,,,,,
Chemokine Signaling,FOS,CCL4,CCL7,MYL2,CFL1,CXCR4,MAPK8,CCL5,CCL11,LIMK1,PRKCB,,,,,,,,,,,,,,,,,,,,,,,,,,,,
IL-8 Signaling,MAP2K4,MYL2,MAPK8,MMP2,CCND1,LIMK1,FOS,ITGB2,HMOX1,ITGAM,MPO,CXCR2,PTGS2,MMP9,ITGAX,PRKCB,,,,,,,,,,,,,,,,,,,,,,,
ILK Signaling,MAP2K4,MAP2K6,CFL1,MYL2,PPP2CA,TNFRSF1A,MAPK8,CCND1,MYC,FOS,ITGB2,CREB1,PTGS2,NOS2,TNF,MMP9,,,,,,,,,,,,,,,,,,,,,,,
IL-17 Signaling,MAP2K4,CXCL10,MAP2K6,MMP3,TIMP1,CRP,MAPK8,PTGS2,IL6,NOS2,CCL11,,,,,,,,,,,,,,,,,,,,,,,,,,,,
Role of Cytokines in Mediating Communication between Immune Cells,IFNG,IL1A,IL12A,IL10,IL1RN,TGFB1,IL1B,IL6,TNF,IL4,,,,,,,,,,,,,,,,,,,,,,,,,,,,,
Differential Regulation of Cytokine Production in Macrophages and T Helper Cells by IL-17A and IL-17F,IL12A,CCL4,IL10,IL1B,CCL5,IL6,TNF,,,,,,,,,,,,,,,,,,,,,,,,,,,,,,,,
HMGB1 Signaling,MAP2K4,MAP2K6,TLR4,IFNG,FOS,IL1A,TNFRSF1A,MAPK8,IL1R1,TNFRSF1B,TNF,PLAT,,,,,,,,,,,,,,,,,,,,,,,,,,,
Systemic Lupus Erythematosus Signaling,IL1A,PTPN6,IL10,FCGR2A,IL6R,IL6,FCGR2B,TLR9,FCGR1A,PTPRC,FOS,IL1RN,TLR7,FCER1G,IL1B,TNF,FCGR3A,,,,,,,,,,,,,,,,,,,,,,
MSP-RON Signaling Pathway,TLR2,ITGB2,TLR4,IFNG,ITGAM,IL12A,CSF1,NOS2,TNF,,,,,,,,,,,,,,,,,,,,,,,,,,,,,,
Cholecystokinin/Gastrin-mediated Signaling,MAP2K4,MAP2K6,FOS,IL1A,IL1RN,MAPK8,IL1B,MEF2C,PTGS2,TNF,MEF2B,PRKCB,,,,,,,,,,,,,,,,,,,,,,,,,,,
Graft-versus-Host Disease Signaling,IFNG,IL1A,IL1RN,HLA-DRA,FCER1G,HLA-DRB1,IL1B,IL6,TNF,,,,,,,,,,,,,,,,,,,,,,,,,,,,,,
Aryl Hydrocarbon Receptor Signaling,MYC,FOS,CTSD,IL1A,TGFB1,HSPB2,TGFB3,MAPK8,IL1B,IL6,TNF,CCND1,HSPB1,,,,,,,,,,,,,,,,,,,,,,,,,,
Inhibition of Matrix Metalloproteases,ADAM17,MMP3,TIMP1,ADAM10,MMP2,MMP11,MMP9,LRP1,,,,,,,,,,,,,,,,,,,,,,,,,,,,,,,
MIF Regulation of Innate Immunity,MAP2K4,TLR4,FOS,LY96,MAPK8,CD14,PTGS2,NOS2,,,,,,,,,,,,,,,,,,,,,,,,,,,,,,,
Pathogenesis of Multiple Sclerosis,CXCL10,CCR1,CXCL9,CCL4,CCL5,,,,,,,,,,,,,,,,,,,,,,,,,,,,,,,,,,
VDR/RXR Activation,CXCL10,IFNG,TNFSF11,IL12A,IGFBP3,CD14,IGFBP5,CCL5,CALB1,PRKCB,,,,,,,,,,,,,,,,,,,,,,,,,,,,,
Role of IL-17F in Allergic Inflammatory Airway Diseases,CXCL10,CCL4,IGF1,CCL7,CREB1,IL1B,IL6,CXCL6,,,,,,,,,,,,,,,,,,,,,,,,,,,,,,,
Pancreatic Adenocarcinoma Signaling,MAP2K4,HMOX1,TGFBR1,TGFB1,MAPK8,TGFB3,STAT3,PTGS2,JAK3,CCND1,MMP9,,,,,,,,,,,,,,,,,,,,,,,,,,,,
LPS/IL-1 Mediated Inhibition of RXR Function,MAP2K4,APOE,IL1A,TNFRSF1A,MAPK8,IL1R1,ABCA1,TLR4,LY96,IL1RN,CAT,CD14,IL1B,TNFRSF1B,TNF,,,,,,,,,,,,,,,,,,,,,,,,
Huntington's Disease Signaling,MAP2K4,BDNF,GLS,CLTC,MAPK8,CTSD,IGF1,CREB1,CASP1,DLG4,UBC,CASP8,DNM1L,SNCA,PRKCB,,,,,,,,,,,,,,,,,,,,,,,,
Hematopoiesis from Pluripotent Stem Cells,IL1A,IL12A,CSF1,IL10,FCER1G,IL6,IL7,IL4,,,,,,,,,,,,,,,,,,,,,,,,,,,,,,,
PPARë±/RXRë± Activation,MAP2K6,MAP2K4,TGFBR1,TGFB1,TGFB3,CD36,MAPK8,IL1B,MEF2C,IL6,IL1R1,ABCA1,PRKCB,,,,,,,,,,,,,,,,,,,,,,,,,,
Role of IL-17A in Arthritis,MAP2K4,MAP2K6,CCL7,MAPK8,CCL5,PTGS2,NOS2,CXCL6,,,,,,,,,,,,,,,,,,,,,,,,,,,,,,,
Germ Cell-Sertoli Cell Junction Signaling,MAP2K4,MAP2K6,TUBB3,TGFBR1,AXIN1,TGFB1,TNFRSF1A,MAPK8,TGFB3,TUBB,TNF,LIMK1,,,,,,,,,,,,,,,,,,,,,,,,,,,
IL-17A Signaling in Gastric Cells,MAP2K4,CXCL10,FOS,MAPK8,CCL5,TNF,,,,,,,,,,,,,,,,,,,,,,,,,,,,,,,,,
Death Receptor Signaling,MAP2K4,TNFRSF1A,HSPB2,MAPK8,TNFRSF1B,CASP8,TNF,HSPB1,,,,,,,,,,,,,,,,,,,,,,,,,,,,,,,
Role of PKR in Interferon Induction and Antiviral Response,MAP2K6,IFNG,TNFRSF1A,CASP8,EIF2S1,FCGR1A,TNF,,,,,,,,,,,,,,,,,,,,,,,,,,,,,,,,
Cardiac Hypertrophy Signaling,MAP2K4,MAP2K6,TGFBR1,MYL2,IL6R,MAPK8,IL6,MEF2B,IGF1,TGFB1,CREB1,TGFB3,MEF2C,HSPB1,,,,,,,,,,,,,,,,,,,,,,,,,
iNOS Signaling,TLR4,IFNG,FOS,LY96,CD14,NOS2,JAK3,,,,,,,,,,,,,,,,,,,,,,,,,,,,,,,,
Corticotropin Releasing Hormone Signaling,FOS,BDNF,CREB1,CRH,MEF2C,PTGS2,CRHR1,NOS2,MEF2B,PRKCB,,,,,,,,,,,,,,,,,,,,,,,,,,,,,
14-3-3-mediated Signaling,MAP2K4,FOS,TUBB3,TNFRSF1A,MAPK8,GFAP,TUBB,TNF,SNCA,PRKCB,,,,,,,,,,,,,,,,,,,,,,,,,,,,,
Role of MAPK Signaling in the Pathogenesis of Influenza,MAP2K4,CXCL10,MAP2K6,IFNG,MAPK8,CCL5,PTGS2,TNF,,,,,,,,,,,,,,,,,,,,,,,,,,,,,,,
Regulation of the Epithelial-Mesenchymal Transition Pathway,MAP2K4,MAP2K6,ADAM17,TGFBR1,AXIN1,TGFB1,EGR1,TGFB3,MMP2,STAT3,JAK3,MMP9,,,,,,,,,,,,,,,,,,,,,,,,,,,
PPAR Signaling,FOS,IL1A,IL1RN,TNFRSF1A,IL1B,IL1R1,PTGS2,TNFRSF1B,TNF,,,,,,,,,,,,,,,,,,,,,,,,,,,,,,
LPS-stimulated MAPK Signaling,MAP2K4,MAP2K6,TLR4,FOS,CREB1,MAPK8,CD14,PRKCB,,,,,,,,,,,,,,,,,,,,,,,,,,,,,,,
Tec Kinase Signaling,MAP2K4,TLR4,STAT6,FOS,MAPK8,HCK,FCER1G,STAT3,JAK3,TNF,PRKCB,,,,,,,,,,,,,,,,,,,,,,,,,,,,
Inhibition of Angiogenesis by TSP1,MAP2K4,TGFBR1,TGFB1,MAPK8,CD36,MMP9,,,,,,,,,,,,,,,,,,,,,,,,,,,,,,,,,
Leukocyte Extravasation Signaling,MAP2K4,ITGB2,NCF1,ITGAM,MMP3,CXCR4,TIMP1,MAPK8,MMP2,MMP11,MMP9,PRKCB,,,,,,,,,,,,,,,,,,,,,,,,,,,
Ceramide Signaling,MAP2K4,CTSD,FOS,PPP2CA,TNFRSF1A,MAPK8,TNFRSF1B,TNF,,,,,,,,,,,,,,,,,,,,,,,,,,,,,,,
Renin-Angiotensin Signaling,MAP2K4,FOS,PTPN6,MAPK8,STAT3,CCL5,TNF,ACE,PRKCB,,,,,,,,,,,,,,,,,,,,,,,,,,,,,,
Induction of Apoptosis by HIV1,MAP2K4,CXCR4,TNFRSF1A,MAPK8,TNFRSF1B,CASP8,TNF,,,,,,,,,,,,,,,,,,,,,,,,,,,,,,,,
Allograft Rejection Signaling,B2M,IFNG,IL10,HLA-DRA,FCER1G,HLA-DRB1,TNF,IL4,,,,,,,,,,,,,,,,,,,,,,,,,,,,,,,
Endothelin-1 Signaling,MYC,HMOX1,FOS,ECE2,CASP1,MAPK8,ECE1,PTGS2,CASP8,NOS2,PRKCB,,,,,,,,,,,,,,,,,,,,,,,,,,,,
Activation of IRF by Cytosolic Pattern Recognition Receptors,MAP2K4,IFIH1,IL10,ZBP1,MAPK8,IL6,TNF,,,,,,,,,,,,,,,,,,,,,,,,,,,,,,,,
Role of JAK family kinases in IL-6-type Cytokine Signaling,MAP2K4,IL6R,MAPK8,STAT3,IL6,,,,,,,,,,,,,,,,,,,,,,,,,,,,,,,,,,
NRF2-mediated Oxidative Stress Response,MAP2K4,MAP2K6,HMOX1,FOS,FTL,SOD1,CAT,MAPK8,MAFK,MAFF,PRKCB,,,,,,,,,,,,,,,,,,,,,,,,,,,,
IL-17A Signaling in Airway Cells,MAP2K4,MAPK8,STAT3,IL6,CCL11,JAK3,CXCL6,,,,,,,,,,,,,,,,,,,,,,,,,,,,,,,,
Factors Promoting Cardiogenesis in Vertebrates,TGFBR1,MYL2,AXIN1,TGFB1,TGFB3,MEF2C,LRP1,PRKCB,,,,,,,,,,,,,,,,,,,,,,,,,,,,,,,
Role of NFAT in Cardiac Hypertrophy,MAP2K4,MAP2K6,TGFBR1,IGF1,TGFB1,MAPK8,TGFB3,MEF2C,IL6,MEF2B,PRKCB,,,,,,,,,,,,,,,,,,,,,,,,,,,,
TNFR2 Signaling,MAP2K4,FOS,MAPK8,TNFRSF1B,TNF,,,,,,,,,,,,,,,,,,,,,,,,,,,,,,,,,,
TNFR1 Signaling,MAP2K4,FOS,TNFRSF1A,MAPK8,CASP8,TNF,,,,,,,,,,,,,,,,,,,,,,,,,,,,,,,,,
CCR5 Signaling in Macrophages,MAP2K4,FOS,CCL4,MAPK8,FCER1G,CCL5,PRKCB,,,,,,,,,,,,,,,,,,,,,,,,,,,,,,,,
IGF-1 Signaling,IGFBP4,FOS,IGF1,MAPK8,IGFBP3,IGFBP5,STAT3,IGFBP2,,,,,,,,,,,,,,,,,,,,,,,,,,,,,,,
B Cell Receptor Signaling,MAP2K4,MAP2K6,PTPRC,PTPN6,FCGR2A,EGR1,CREB1,MAPK8,FCGR2B,PRKCB,,,,,,,,,,,,,,,,,,,,,,,,,,,,,
Xenobiotic Metabolism Signaling,MAP2K6,MAP2K4,HMOX1,IL1A,FTL,PPP2CA,CAT,MAPK8,IL1B,IL6,NOS2,TNF,PRKCB,,,,,,,,,,,,,,,,,,,,,,,,,,
Cdc42 Signaling,MAP2K4,B2M,FOS,MYL2,CFL1,HLA-DRA,MAPK8,FCER1G,HLA-DRB1,LIMK1,,,,,,,,,,,,,,,,,,,,,,,,,,,,,
HGF Signaling,MAP2K4,FOS,MAPK8,STAT3,PTGS2,IL6,CCND1,PRKCB,,,,,,,,,,,,,,,,,,,,,,,,,,,,,,,
Mitochondrial Dysfunction,MAP2K4,CAT,MAPK8,LRRK2,BACE1,CASP8,SNCA,APP,PINK1,AIFM1,,,,,,,,,,,,,,,,,,,,,,,,,,,,,
PDGF Signaling,MAP2K4,MYC,FOS,MAPK8,STAT3,JAK3,PRKCB,,,,,,,,,,,,,,,,,,,,,,,,,,,,,,,,
Role of NFAT in Regulation of the Immune Response,FOS,FCGR2A,HLA-DRA,FCER1G,HLA-DRB1,MEF2C,FCGR2B,FCGR1A,FCGR3A,MEF2B,,,,,,,,,,,,,,,,,,,,,,,,,,,,,
Wnt/ë_-catenin Signaling,MYC,TGFBR1,PPP2CA,AXIN1,TGFB1,SOX10,TGFB3,UBC,CCND1,LRP1,,,,,,,,,,,,,,,,,,,,,,,,,,,,,
Molecular Mechanisms of Cancer,MYC,MAP2K6,MAP2K4,FOS,TGFBR1,TGFB1,AXIN1,TGFB3,MAPK8,JAK3,CASP8,CCND1,LRP1,PRKCB,,,,,,,,,,,,,,,,,,,,,,,,,
Axonal Guidance Signaling,ADAM17,TUBB3,CFL1,MYL2,BDNF,CXCR4,MMP2,TUBB,LIMK1,IGF1,ECE2,ADAM10,MMP11,ACE,MMP9,PRKCB,,,,,,,,,,,,,,,,,,,,,,,
CD28 Signaling in T Helper Cells,MAP2K4,PTPRC,FOS,PTPN6,HLA-DRA,MAPK8,FCER1G,HLA-DRB1,,,,,,,,,,,,,,,,,,,,,,,,,,,,,,,
FXR/RXR Activation,MAP2K4,APOE,IL1A,IL1RN,MAPK8,IL1B,TNF,,,,,,,,,,,,,,,,,,,,,,,,,,,,,,,,
Clathrin-mediated Endocytosis Signaling,ITGB2,APOE,IGF1,TF,CLTC,SERPINA1,S100A8,DNM1L,UBC,SNAP91,,,,,,,,,,,,,,,,,,,,,,,,,,,,,
TGF-ë_ Signaling,MAP2K4,MAP2K6,FOS,TGFBR1,TGFB1,MAPK8,TGFB3,,,,,,,,,,,,,,,,,,,,,,,,,,,,,,,,
Apoptosis Signaling,MAP2K4,TNFRSF1A,MAPK8,TNFRSF1B,CASP8,TNF,AIFM1,,,,,,,,,,,,,,,,,,,,,,,,,,,,,,,,
Tight Junction Signaling,FOS,TGFBR1,MYL2,PPP2CA,TGFB1,TNFRSF1A,TGFB3,TNFRSF1B,TNF,,,,,,,,,,,,,,,,,,,,,,,,,,,,,,
Airway Pathology in Chronic Obstructive Pulmonary Disease,MMP2,TNF,MMP9,,,,,,,,,,,,,,,,,,,,,,,,,,,,,,,,,,,,
CD40 Signaling,MAP2K4,MAP2K6,FOS,MAPK8,STAT3,JAK3,,,,,,,,,,,,,,,,,,,,,,,,,,,,,,,,,
Eicosanoid Signaling,ALOX5AP,PTGS2,PTGDS,ALOX5,PTGER4,PTGER1,,,,,,,,,,,,,,,,,,,,,,,,,,,,,,,,,
Fcë_ Receptor-mediated Phagocytosis in Macrophages and Monocytes,HMOX1,NCF1,FCGR2A,HCK,FCGR1A,FCGR3A,PRKCB,,,,,,,,,,,,,,,,,,,,,,,,,,,,,,,,
JAK/Stat Signaling,STAT6,FOS,PTPN6,STAT3,IL6,JAK3,,,,,,,,,,,,,,,,,,,,,,,,,,,,,,,,,
PI3K Signaling in B Lymphocytes,PTPRC,TLR4,FOS,C3,CREB1,FCGR2B,IL4,PRKCB,,,,,,,,,,,,,,,,,,,,,,,,,,,,,,,
Neurotrophin/TRK Signaling,MAP2K4,MAP2K6,FOS,BDNF,CREB1,MAPK8,,,,,,,,,,,,,,,,,,,,,,,,,,,,,,,,,
Macropinocytosis Signaling,MRC1,ITGB2,CSF1,CD14,CSF1R,PRKCB,,,,,,,,,,,,,,,,,,,,,,,,,,,,,,,,,
GNRH Signaling,MAP2K4,MAP2K6,FOS,EGR1,CREB1,MAPK8,DNM1L,PRKCB,,,,,,,,,,,,,,,,,,,,,,,,,,,,,,,
Growth Hormone Signaling,FOS,PTPN6,IGF1,IGFBP3,STAT3,PRKCB,,,,,,,,,,,,,,,,,,,,,,,,,,,,,,,,,
IL-22 Signaling,MAP2K4,IL10RB,MAPK8,STAT3,,,,,,,,,,,,,,,,,,,,,,,,,,,,,,,,,,,
STAT3 Pathway,MAP2K4,MYC,PTPN6,TGFBR1,MAPK8,STAT3,,,,,,,,,,,,,,,,,,,,,,,,,,,,,,,,,
Autoimmune Thyroid Disease Signaling,IL10,HLA-DRA,FCER1G,HLA-DRB1,IL4,,,,,,,,,,,,,,,,,,,,,,,,,,,,,,,,,,
IL-4 Signaling,STAT6,PTPN6,HLA-DRA,HLA-DRB1,JAK3,IL4,,,,,,,,,,,,,,,,,,,,,,,,,,,,,,,,,
Sertoli Cell-Sertoli Cell Junction Signaling,MAP2K4,TUBB3,AXIN1,TNFRSF1A,MAPK8,TGFB3,TUBB,NOS2,TNF,,,,,,,,,,,,,,,,,,,,,,,,,,,,,,
Acute Myeloid Leukemia Signaling,MAP2K4,MAP2K6,MYC,STAT3,CCND1,CSF1R,,,,,,,,,,,,,,,,,,,,,,,,,,,,,,,,,
Fc Epsilon RI Signaling,MAP2K4,MAP2K6,MAPK8,FCER1G,TNF,IL4,PRKCB,,,,,,,,,,,,,,,,,,,,,,,,,,,,,,,,
Hematopoiesis from Multipotent Stem Cells,CSF1,IL7,IL4,,,,,,,,,,,,,,,,,,,,,,,,,,,,,,,,,,,,
CD27 Signaling in Lymphocytes,MAP2K4,MAP2K6,FOS,MAPK8,CASP8,,,,,,,,,,,,,,,,,,,,,,,,,,,,,,,,,,
Reelin Signaling in Neurons,MAP2K4,ITGB2,APOE,MAPK8,HCK,APP,,,,,,,,,,,,,,,,,,,,,,,,,,,,,,,,,
Regulation of IL-2 Expression in Activated and Anergic T Lymphocytes,MAP2K4,FOS,TGFBR1,TGFB1,MAPK8,TGFB3,,,,,,,,,,,,,,,,,,,,,,,,,,,,,,,,,
Role of IL-17A in Psoriasis,S100A9,S100A8,CXCL6,,,,,,,,,,,,,,,,,,,,,,,,,,,,,,,,,,,,
Type II Diabetes Mellitus Signaling,MAP2K4,TNFRSF1A,MAPK8,CD36,TNFRSF1B,TNF,PRKCB,,,,,,,,,,,,,,,,,,,,,,,,,,,,,,,,
B Cell Development,PTPRC,HLA-DRA,HLA-DRB1,IL7,,,,,,,,,,,,,,,,,,,,,,,,,,,,,,,,,,,
Superpathway of Citrulline Metabolism,GLS,NOS2,ARG1,,,,,,,,,,,,,,,,,,,,,,,,,,,,,,,,,,,,
OX40 Signaling Pathway,MAP2K4,B2M,HLA-DRA,MAPK8,FCER1G,HLA-DRB1,,,,,,,,,,,,,,,,,,,,,,,,,,,,,,,,,
MIF-mediated Glucocorticoid Regulation,TLR4,LY96,CD14,PTGS2,,,,,,,,,,,,,,,,,,,,,,,,,,,,,,,,,,,
Myc Mediated Apoptosis Signaling,MAP2K4,MYC,IGF1,MAPK8,CASP8,,,,,,,,,,,,,,,,,,,,,,,,,,,,,,,,,,
PAK Signaling,MAP2K4,MYL2,CFL1,MAPK8,TNF,LIMK1,,,,,,,,,,,,,,,,,,,,,,,,,,,,,,,,,
Bladder Cancer Signaling,MYC,MMP3,MMP2,MMP11,CCND1,MMP9,,,,,,,,,,,,,,,,,,,,,,,,,,,,,,,,,
Coagulation System,PLG,VWF,SERPINA1,PLAT,,,,,,,,,,,,,,,,,,,,,,,,,,,,,,,,,,,
IL-17A Signaling in Fibroblasts,FOS,CCL7,CEBPD,IL6,,,,,,,,,,,,,,,,,,,,,,,,,,,,,,,,,,,
IL-1 Signaling,MAP2K4,MAP2K6,FOS,IL1A,MAPK8,IL1R1,,,,,,,,,,,,,,,,,,,,,,,,,,,,,,,,,
Role of JAK1 and JAK3 in ë_c Cytokine Signaling,STAT6,STAT3,JAK3,IL7,IL4,,,,,,,,,,,,,,,,,,,,,,,,,,,,,,,,,,
Airway Inflammation in Asthma,TNF,IL4,,,,,,,,,,,,,,,,,,,,,,,,,,,,,,,,,,,,,
Antigen Presentation Pathway,B2M,IFNG,HLA-DRA,HLA-DRB1,,,,,,,,,,,,,,,,,,,,,,,,,,,,,,,,,,,
ERK5 Signaling,MYC,FOS,CREB1,MEF2C,MEF2B,,,,,,,,,,,,,,,,,,,,,,,,,,,,,,,,,,
Amyotrophic Lateral Sclerosis Signaling,PRPH,GRIN2A,SOD1,IGF1,CAT,CASP1,,,,,,,,,,,,,,,,,,,,,,,,,,,,,,,,,
Ephrin Receptor Signaling,GRIN2A,CFL1,CXCR4,AXIN1,CREB1,ADAM10,STAT3,LIMK1,,,,,,,,,,,,,,,,,,,,,,,,,,,,,,,
Thyroid Cancer Signaling,CXCL10,MYC,BDNF,CCND1,,,,,,,,,,,,,,,,,,,,,,,,,,,,,,,,,,,
HIF1ë± Signaling,MMP3,MAPK8,MMP2,MMP11,NOS2,MMP9,,,,,,,,,,,,,,,,,,,,,,,,,,,,,,,,,
UVC-Induced MAPK Signaling,MAP2K4,FOS,MAPK8,PRKCB,,,,,,,,,,,,,,,,,,,,,,,,,,,,,,,,,,,
IL-3 Signaling,STAT6,FOS,PTPN6,STAT3,PRKCB,,,,,,,,,,,,,,,,,,,,,,,,,,,,,,,,,,
ERK/MAPK Signaling,MYC,FOS,PPP2CA,HSPB2,CREB1,STAT3,HSPB1,PRKCB,,,,,,,,,,,,,,,,,,,,,,,,,,,,,,,
Caveolar-mediated Endocytosis Signaling,B2M,ITGB2,ITGAM,Cd55/Daf2,ITGAX,,,,,,,,,,,,,,,,,,,,,,,,,,,,,,,,,,
Phospholipase C Signaling,HMOX1,MYL2,FCGR2A,CREB1,FCER1G,MEF2C,FCGR2B,MEF2B,PRKCB,,,,,,,,,,,,,,,,,,,,,,,,,,,,,,
Natural Killer Cell Signaling,PTPN6,FCGR2A,TYROBP,FCER1G,FCGR3A,PRKCB,,,,,,,,,,,,,,,,,,,,,,,,,,,,,,,,,
Superoxide Radicals Degradation,SOD1,CAT,,,,,,,,,,,,,,,,,,,,,,,,,,,,,,,,,,,,,
Role of Tissue Factor in Cancer,CFL1,CSF1,EGR1,HCK,IL1B,LIMK1,,,,,,,,,,,,,,,,,,,,,,,,,,,,,,,,,
CXCR4 Signaling,MAP2K4,FOS,MYL2,CXCR4,EGR1,MAPK8,PRKCB,,,,,,,,,,,,,,,,,,,,,,,,,,,,,,,,
PKCëü Signaling in T Lymphocytes,MAP2K4,FOS,HLA-DRA,MAPK8,FCER1G,HLA-DRB1,,,,,,,,,,,,,,,,,,,,,,,,,,,,,,,,,
"Role of JAK1, JAK2 and TYK2 in Interferon Signaling",IFNG,PTPN6,STAT3,,,,,,,,,,,,,,,,,,,,,,,,,,,,,,,,,,,,
P2Y Purigenic Receptor Signaling Pathway,MYC,FOS,P2RY6,CREB1,P2RY12,PRKCB,,,,,,,,,,,,,,,,,,,,,,,,,,,,,,,,,
ErbB Signaling,MAP2K4,MAP2K6,FOS,MAPK8,PRKCB,,,,,,,,,,,,,,,,,,,,,,,,,,,,,,,,,,
Antiproliferative Role of TOB in T Cell Signaling,TGFBR1,TGFB1,TGFB3,,,,,,,,,,,,,,,,,,,,,,,,,,,,,,,,,,,,
FGF Signaling,MAP2K6,PTPN6,CREB1,MAPK8,STAT3,,,,,,,,,,,,,,,,,,,,,,,,,,,,,,,,,,
UVB-Induced MAPK Signaling,MAP2K4,FOS,MAPK8,PRKCB,,,,,,,,,,,,,,,,,,,,,,,,,,,,,,,,,,,
RANK Signaling in Osteoclasts,MAP2K4,MAP2K6,FOS,TNFSF11,MAPK8,,,,,,,,,,,,,,,,,,,,,,,,,,,,,,,,,,
Citrulline Biosynthesis,GLS,ARG1,,,,,,,,,,,,,,,,,,,,,,,,,,,,,,,,,,,,,
CTLA4 Signaling in Cytotoxic T Lymphocytes,B2M,PTPN6,PPP2CA,CLTC,FCER1G,,,,,,,,,,,,,,,,,,,,,,,,,,,,,,,,,,
Thrombopoietin Signaling,MYC,FOS,STAT3,PRKCB,,,,,,,,,,,,,,,,,,,,,,,,,,,,,,,,,,,
EGF Signaling,MAP2K4,FOS,MAPK8,STAT3,,,,,,,,,,,,,,,,,,,,,,,,,,,,,,,,,,,
ErbB2-ErbB3 Signaling,MYC,STAT3,JAK3,CCND1,,,,,,,,,,,,,,,,,,,,,,,,,,,,,,,,,,,
Prostanoid Biosynthesis,PTGS2,PTGDS,,,,,,,,,,,,,,,,,,,,,,,,,,,,,,,,,,,,,
Glioma Invasiveness Signaling,PLG,TIMP1,MMP2,MMP9,,,,,,,,,,,,,,,,,,,,,,,,,,,,,,,,,,,
RAR Activation,MAP2K4,FOS,TGFB1,MAPK8,IGFBP3,TGFB3,PRKCB,,,,,,,,,,,,,,,,,,,,,,,,,,,,,,,,
Chronic Myeloid Leukemia Signaling,MYC,TGFBR1,TGFB1,TGFB3,CCND1,,,,,,,,,,,,,,,,,,,,,,,,,,,,,,,,,,
IL-15 Signaling,STAT6,STAT3,JAK3,IL4,,,,,,,,,,,,,,,,,,,,,,,,,,,,,,,,,,,
Calcium-induced T Lymphocyte Apoptosis,HLA-DRA,FCER1G,HLA-DRB1,PRKCB,,,,,,,,,,,,,,,,,,,,,,,,,,,,,,,,,,,
Cytotoxic T Lymphocyte-mediated Apoptosis of Target Cells,B2M,FCER1G,CASP8,,,,,,,,,,,,,,,,,,,,,,,,,,,,,,,,,,,,
Estrogen-Dependent Breast Cancer Signaling,FOS,IGF1,CREB1,CCND1,,,,,,,,,,,,,,,,,,,,,,,,,,,,,,,,,,,
GM-CSF Signaling,HCK,STAT3,CCND1,PRKCB,,,,,,,,,,,,,,,,,,,,,,,,,,,,,,,,,,,
Synaptic Long Term Depression,IGF1,PPP2CA,CRH,CRHR1,NOS2,PRKCB,,,,,,,,,,,,,,,,,,,,,,,,,,,,,,,,,
Neuropathic Pain Signaling In Dorsal Horn Neurons,FOS,GRIN2A,BDNF,CREB1,PRKCB,,,,,,,,,,,,,,,,,,,,,,,,,,,,,,,,,,
Paxillin Signaling,MAP2K4,ITGB2,ITGAM,MAPK8,ITGAX,,,,,,,,,,,,,,,,,,,,,,,,,,,,,,,,,,
IL-9 Signaling,STAT3,JAK3,TNF,,,,,,,,,,,,,,,,,,,,,,,,,,,,,,,,,,,,
Oncostatin M Signaling,MMP3,STAT3,JAK3,,,,,,,,,,,,,,,,,,,,,,,,,,,,,,,,,,,,
Pyridoxal 5'-phosphate Salvage Pathway,MAP2K4,MAP2K6,MAPK8,LIMK1,,,,,,,,,,,,,,,,,,,,,,,,,,,,,,,,,,,
Cell Cycle: G1/S Checkpoint Regulation,MYC,TGFB1,TGFB3,CCND1,,,,,,,,,,,,,,,,,,,,,,,,,,,,,,,,,,,
GDNF Family Ligand-Receptor Interactions,MAP2K4,FOS,CREB1,MAPK8,,,,,,,,,,,,,,,,,,,,,,,,,,,,,,,,,,,
April Mediated Signaling,MAP2K4,FOS,MAPK8,,,,,,,,,,,,,,,,,,,,,,,,,,,,,,,,,,,,
Gë±s Signaling,MSR1,CREB1,HCK,CRHR1,PTGER4,,,,,,,,,,,,,,,,,,,,,,,,,,,,,,,,,,
Prolactin Signaling,MYC,FOS,STAT3,PRKCB,,,,,,,,,,,,,,,,,,,,,,,,,,,,,,,,,,,
Ephrin B Signaling,CFL1,CXCR4,AXIN1,LIMK1,,,,,,,,,,,,,,,,,,,,,,,,,,,,,,,,,,,
B Cell Activating Factor Signaling,MAP2K4,FOS,MAPK8,,,,,,,,,,,,,,,,,,,,,,,,,,,,,,,,,,,,
G-Protein Coupled Receptor Signaling,CCR4,CXCR2,CREB1,P2RY12,STAT3,CRHR1,PTGER4,PRKCB,,,,,,,,,,,,,,,,,,,,,,,,,,,,,,,
Melatonin Degradation III,MPO,,,,,,,,,,,,,,,,,,,,,,,,,,,,,,,,,,,,,,
Fcë_RIIB Signaling in B Lymphocytes,MAP2K4,MAPK8,FCGR2B,,,,,,,,,,,,,,,,,,,,,,,,,,,,,,,,,,,,
HER-2 Signaling in Breast Cancer,ITGB2,MMP2,CCND1,PRKCB,,,,,,,,,,,,,,,,,,,,,,,,,,,,,,,,,,,
Gë±12/13 Signaling,MAP2K4,MYL2,MAPK8,MEF2C,MEF2B,,,,,,,,,,,,,,,,,,,,,,,,,,,,,,,,,,
Cyclins and Cell Cycle Regulation,PPP2CA,TGFB1,TGFB3,CCND1,,,,,,,,,,,,,,,,,,,,,,,,,,,,,,,,,,,
Parkinson's Signaling,MAPK8,SNCA,,,,,,,,,,,,,,,,,,,,,,,,,,,,,,,,,,,,,
Protein Kinase A Signaling,PTPRC,TH,PTPN6,TGFBR1,MYL2,TGFB1,CREB1,TGFB3,PTGS2,PRKCB,,,,,,,,,,,,,,,,,,,,,,,,,,,,,
cAMP-mediated signaling,CCR4,CXCR2,CREB1,P2RY12,STAT3,CRHR1,PTGER4,,,,,,,,,,,,,,,,,,,,,,,,,,,,,,,,
nNOS Signaling in Neurons,GRIN2A,DLG4,PRKCB,,,,,,,,,,,,,,,,,,,,,,,,,,,,,,,,,,,,
Endoplasmic Reticulum Stress Pathway,MAPK8,EIF2S1,,,,,,,,,,,,,,,,,,,,,,,,,,,,,,,,,,,,,
Ephrin A Signaling,CFL1,ADAM10,LIMK1,,,,,,,,,,,,,,,,,,,,,,,,,,,,,,,,,,,,
Neuregulin Signaling,MYC,ADAM17,DLG4,PRKCB,,,,,,,,,,,,,,,,,,,,,,,,,,,,,,,,,,,
Ovarian Cancer Signaling,AXIN1,MMP2,PTGS2,CCND1,MMP9,,,,,,,,,,,,,,,,,,,,,,,,,,,,,,,,,,
Virus Entry via Endocytic Pathways,B2M,ITGB2,CLTC,PRKCB,,,,,,,,,,,,,,,,,,,,,,,,,,,,,,,,,,,
Human Embryonic Stem Cell Pluripotency,TGFBR1,BDNF,AXIN1,TGFB1,TGFB3,,,,,,,,,,,,,,,,,,,,,,,,,,,,,,,,,,
Signaling by Rho Family GTPases,MAP2K4,FOS,MYL2,CFL1,MAPK8,GFAP,LIMK1,,,,,,,,,,,,,,,,,,,,,,,,,,,,,,,,
Cardiomyocyte Differentiation via BMP Receptors,MYL2,MEF2C,,,,,,,,,,,,,,,,,,,,,,,,,,,,,,,,,,,,,
Endometrial Cancer Signaling,MYC,AXIN1,CCND1,,,,,,,,,,,,,,,,,,,,,,,,,,,,,,,,,,,,
Guanine and Guanosine Salvage I,HPRT1,,,,,,,,,,,,,,,,,,,,,,,,,,,,,,,,,,,,,,
Glutamine Degradation I,GLS,,,,,,,,,,,,,,,,,,,,,,,,,,,,,,,,,,,,,,
IL-2 Signaling,FOS,MAPK8,JAK3,,,,,,,,,,,,,,,,,,,,,,,,,,,,,,,,,,,,
Mouse Embryonic Stem Cell Pluripotency,MYC,AXIN1,STAT3,JAK3,,,,,,,,,,,,,,,,,,,,,,,,,,,,,,,,,,,
Salvage Pathways of Pyrimidine Ribonucleotides,MAP2K4,MAP2K6,MAPK8,LIMK1,,,,,,,,,,,,,,,,,,,,,,,,,,,,,,,,,,,
Nur77 Signaling in T Lymphocytes,HLA-DRA,FCER1G,HLA-DRB1,,,,,,,,,,,,,,,,,,,,,,,,,,,,,,,,,,,,
Antioxidant Action of Vitamin C,MAP2K4,HMOX1,MAPK8,TNF,,,,,,,,,,,,,,,,,,,,,,,,,,,,,,,,,,,
T Cell Receptor Signaling,MAP2K4,PTPRC,FOS,MAPK8,,,,,,,,,,,,,,,,,,,,,,,,,,,,,,,,,,,
Integrin Signaling,MAP2K4,ITGB2,ITGAM,MYL2,MAPK8,ITGAX,,,,,,,,,,,,,,,,,,,,,,,,,,,,,,,,,
Gluconeogenesis I,PGK1,GAPDH,,,,,,,,,,,,,,,,,,,,,,,,,,,,,,,,,,,,,
Tumoricidal Function of Hepatic Natural Killer Cells,CASP8,AIFM1,,,,,,,,,,,,,,,,,,,,,,,,,,,,,,,,,,,,,
Estrogen-mediated S-phase Entry,MYC,CCND1,,,,,,,,,,,,,,,,,,,,,,,,,,,,,,,,,,,,,
Glycolysis I,PGK1,GAPDH,,,,,,,,,,,,,,,,,,,,,,,,,,,,,,,,,,,,,
Glutamate Receptor Signaling,GRIN2A,GLS,DLG4,,,,,,,,,,,,,,,,,,,,,,,,,,,,,,,,,,,,
ATM Signaling,MAP2K4,CREB1,MAPK8,,,,,,,,,,,,,,,,,,,,,,,,,,,,,,,,,,,,
Rac Signaling,MAP2K4,CFL1,MAPK8,LIMK1,,,,,,,,,,,,,,,,,,,,,,,,,,,,,,,,,,,
NADH Repair,GAPDH,,,,,,,,,,,,,,,,,,,,,,,,,,,,,,,,,,,,,,
Thyroid Hormone Biosynthesis,CTSD,,,,,,,,,,,,,,,,,,,,,,,,,,,,,,,,,,,,,,
Lipid Antigen Presentation by CD1,B2M,FCER1G,,,,,,,,,,,,,,,,,,,,,,,,,,,,,,,,,,,,,
iCOS-iCOSL Signaling in T Helper Cells,PTPRC,HLA-DRA,FCER1G,HLA-DRB1,,,,,,,,,,,,,,,,,,,,,,,,,,,,,,,,,,,
IL-15 Production,IL6,JAK3,,,,,,,,,,,,,,,,,,,,,,,,,,,,,,,,,,,,,
Erythropoietin Signaling,FOS,PTPN6,PRKCB,,,,,,,,,,,,,,,,,,,,,,,,,,,,,,,,,,,,
Heme Degradation,HMOX1,,,,,,,,,,,,,,,,,,,,,,,,,,,,,,,,,,,,,,
Arginine Degradation I (Arginase Pathway),ARG1,,,,,,,,,,,,,,,,,,,,,,,,,,,,,,,,,,,,,,
Agrin Interactions at Neuromuscular Junction,MAP2K4,ITGB2,MAPK8,,,,,,,,,,,,,,,,,,,,,,,,,,,,,,,,,,,,
Remodeling of Epithelial Adherens Junctions,TUBB3,DNM1L,TUBB,,,,,,,,,,,,,,,,,,,,,,,,,,,,,,,,,,,,
CCR3 Signaling in Eosinophils,CFL1,CCL11,LIMK1,PRKCB,,,,,,,,,,,,,,,,,,,,,,,,,,,,,,,,,,,
Melatonin Signaling,MAP2K4,MAP2K6,PRKCB,,,,,,,,,,,,,,,,,,,,,,,,,,,,,,,,,,,,
Renal Cell Carcinoma Signaling,FOS,TGFB1,UBC,,,,,,,,,,,,,,,,,,,,,,,,,,,,,,,,,,,,
4-1BB Signaling in T Lymphocytes,MAP2K4,MAPK8,,,,,,,,,,,,,,,,,,,,,,,,,,,,,,,,,,,,,
Small Cell Lung Cancer Signaling,MYC,PTGS2,CCND1,,,,,,,,,,,,,,,,,,,,,,,,,,,,,,,,,,,,
Gë±i Signaling,CCR4,CXCR2,P2RY12,STAT3,,,,,,,,,,,,,,,,,,,,,,,,,,,,,,,,,,,
Catecholamine Biosynthesis,TH,,,,,,,,,,,,,,,,,,,,,,,,,,,,,,,,,,,,,,
Citrulline-Nitric Oxide Cycle,NOS2,,,,,,,,,,,,,,,,,,,,,,,,,,,,,,,,,,,,,,
RhoA Signaling,IGF1,MYL2,CFL1,LIMK1,,,,,,,,,,,,,,,,,,,,,,,,,,,,,,,,,,,
PI3K/AKT Signaling,PPP2CA,PTGS2,JAK3,CCND1,,,,,,,,,,,,,,,,,,,,,,,,,,,,,,,,,,,
FLT3 Signaling in Hematopoietic Progenitor Cells,STAT6,CREB1,STAT3,,,,,,,,,,,,,,,,,,,,,,,,,,,,,,,,,,,,
Circadian Rhythm Signaling,GRIN2A,CREB1,,,,,,,,,,,,,,,,,,,,,,,,,,,,,,,,,,,,,
Role of JAK2 in Hormone-like Cytokine Signaling,PTPN6,STAT3,,,,,,,,,,,,,,,,,,,,,,,,,,,,,,,,,,,,,
BMP signaling pathway,MAP2K4,CREB1,MAPK8,,,,,,,,,,,,,,,,,,,,,,,,,,,,,,,,,,,,
Calcium Signaling,GRIN2A,MYL2,CREB1,MEF2C,MEF2B,,,,,,,,,,,,,,,,,,,,,,,,,,,,,,,,,,
Cell Cycle Regulation by BTG Family Proteins,PPP2CA,CCND1,,,,,,,,,,,,,,,,,,,,,,,,,,,,,,,,,,,,,
Urea Cycle,ARG1,,,,,,,,,,,,,,,,,,,,,,,,,,,,,,,,,,,,,,
Arginine Degradation VI (Arginase 2 Pathway),ARG1,,,,,,,,,,,,,,,,,,,,,,,,,,,,,,,,,,,,,,
Regulation of Actin-based Motility by Rho,MYL2,CFL1,LIMK1,,,,,,,,,,,,,,,,,,,,,,,,,,,,,,,,,,,,
Docosahexaenoic Acid (DHA) Signaling,IL1B,APP,,,,,,,,,,,,,,,,,,,,,,,,,,,,,,,,,,,,,
Breast Cancer Regulation by Stathmin1,TUBB3,PPP2CA,TUBB,LIMK1,PRKCB,,,,,,,,,,,,,,,,,,,,,,,,,,,,,,,,,,
Relaxin Signaling,FOS,CREB1,NOS2,MMP9,,,,,,,,,,,,,,,,,,,,,,,,,,,,,,,,,,,
Adenine and Adenosine Salvage III,HPRT1,,,,,,,,,,,,,,,,,,,,,,,,,,,,,,,,,,,,,,
Melanocyte Development and Pigmentation Signaling,PTPN6,SOX10,CREB1,,,,,,,,,,,,,,,,,,,,,,,,,,,,,,,,,,,,
CDK5 Signaling,BDNF,PPP2CA,EGR1,,,,,,,,,,,,,,,,,,,,,,,,,,,,,,,,,,,,
UVA-Induced MAPK Signaling,MAP2K4,FOS,MAPK8,,,,,,,,,,,,,,,,,,,,,,,,,,,,,,,,,,,,
Epithelial Adherens Junction Signaling,TUBB3,TGFBR1,MYL2,TUBB,,,,,,,,,,,,,,,,,,,,,,,,,,,,,,,,,,,
Role of RIG1-like Receptors in Antiviral Innate Immunity,IFIH1,CASP8,,,,,,,,,,,,,,,,,,,,,,,,,,,,,,,,,,,,,
VEGF Signaling,PTPN6,EIF2S1,PRKCB,,,,,,,,,,,,,,,,,,,,,,,,,,,,,,,,,,,,
Glioblastoma Multiforme Signaling,MYC,IGF1,AXIN1,CCND1,,,,,,,,,,,,,,,,,,,,,,,,,,,,,,,,,,,
Glioma Signaling,IGF1,CCND1,PRKCB,,,,,,,,,,,,,,,,,,,,,,,,,,,,,,,,,,,,
SAPK/JNK Signaling,MAP2K4,MAPK8,FCER1G,,,,,,,,,,,,,,,,,,,,,,,,,,,,,,,,,,,,
GABA Receptor Signaling,UBQLN1,UBC,,,,,,,,,,,,,,,,,,,,,,,,,,,,,,,,,,,,,
Amyloid Processing,BACE1,APP,,,,,,,,,,,,,,,,,,,,,,,,,,,,,,,,,,,,,
Semaphorin Signaling in Neurons,CFL1,LIMK1,,,,,,,,,,,,,,,,,,,,,,,,,,,,,,,,,,,,,
Primary Immunodeficiency Signaling,PTPRC,JAK3,,,,,,,,,,,,,,,,,,,,,,,,,,,,,,,,,,,,,
Dopamine-DARPP32 Feedback in cAMP Signaling,GRIN2A,PPP2CA,CREB1,PRKCB,,,,,,,,,,,,,,,,,,,,,,,,,,,,,,,,,,,
NGF Signaling,MAP2K4,CREB1,MAPK8,,,,,,,,,,,,,,,,,,,,,,,,,,,,,,,,,,,,
Choline Biosynthesis III,HMOX1,,,,,,,,,,,,,,,,,,,,,,,,,,,,,,,,,,,,,,
Role of NANOG in Mammalian Embryonic Stem Cell Pluripotency,AXIN1,STAT3,JAK3,,,,,,,,,,,,,,,,,,,,,,,,,,,,,,,,,,,,
Phospholipases,CCR1,HMOX1,,,,,,,,,,,,,,,,,,,,,,,,,,,,,,,,,,,,,
Chondroitin Sulfate Degradation (Metazoa),Chil3/Chil4,,,,,,,,,,,,,,,,,,,,,,,,,,,,,,,,,,,,,,
ErbB4 Signaling,ADAM17,PRKCB,,,,,,,,,,,,,,,,,,,,,,,,,,,,,,,,,,,,,
Leukotriene Biosynthesis,ALOX5,,,,,,,,,,,,,,,,,,,,,,,,,,,,,,,,,,,,,,
Dermatan Sulfate Degradation (Metazoa),Chil3/Chil4,,,,,,,,,,,,,,,,,,,,,,,,,,,,,,,,,,,,,,
Synaptic Long Term Potentiation,GRIN2A,CREB1,PRKCB,,,,,,,,,,,,,,,,,,,,,,,,,,,,,,,,,,,,
p70S6K Signaling,PPP2CA,IL4,PRKCB,,,,,,,,,,,,,,,,,,,,,,,,,,,,,,,,,,,,
Granzyme B Signaling,CASP8,,,,,,,,,,,,,,,,,,,,,,,,,,,,,,,,,,,,,,
Fatty Acid ë±-oxidation,PTGS2,,,,,,,,,,,,,,,,,,,,,,,,,,,,,,,,,,,,,,
Role of PI3K/AKT Signaling in the Pathogenesis of Influenza,IFNG,CCL5,,,,,,,,,,,,,,,,,,,,,,,,,,,,,,,,,,,,,
Protein Ubiquitination Pathway,B2M,IFNG,HSPB2,UBC,HSPB1,,,,,,,,,,,,,,,,,,,,,,,,,,,,,,,,,,
PXR/RXR Activation,IL6,TNF,,,,,,,,,,,,,,,,,,,,,,,,,,,,,,,,,,,,,
Mitotic Roles of Polo-Like Kinase,PPP2CA,TGFB1,,,,,,,,,,,,,,,,,,,,,,,,,,,,,,,,,,,,,
Retinoic acid Mediated Apoptosis Signaling,IFNG,CASP8,,,,,,,,,,,,,,,,,,,,,,,,,,,,,,,,,,,,,
Ethanol Degradation IV,CAT,,,,,,,,,,,,,,,,,,,,,,,,,,,,,,,,,,,,,,
PEDF Signaling,BDNF,CASP8,,,,,,,,,,,,,,,,,,,,,,,,,,,,,,,,,,,,,
GADD45 Signaling,CCND1,,,,,,,,,,,,,,,,,,,,,,,,,,,,,,,,,,,,,,
NF-ë¼B Activation by Viruses,ITGB2,PRKCB,,,,,,,,,,,,,,,,,,,,,,,,,,,,,,,,,,,,,
Leptin Signaling in Obesity,NPY,STAT3,,,,,,,,,,,,,,,,,,,,,,,,,,,,,,,,,,,,,
VEGF Family Ligand-Receptor Interactions,FOS,PRKCB,,,,,,,,,,,,,,,,,,,,,,,,,,,,,,,,,,,,,
Dopamine Receptor Signaling,TH,PPP2CA,,,,,,,,,,,,,,,,,,,,,,,,,,,,,,,,,,,,,
D-myo-inositol-5-phosphate Metabolism,PTPRC,CCR1,PTPN6,,,,,,,,,,,,,,,,,,,,,,,,,,,,,,,,,,,,
Polyamine Regulation in Colon Cancer,MYC,,,,,,,,,,,,,,,,,,,,,,,,,,,,,,,,,,,,,,
Maturity Onset Diabetes of Young (MODY) Signaling,GAPDH,,,,,,,,,,,,,,,,,,,,,,,,,,,,,,,,,,,,,,
Role of Wnt/GSK-3ë_ Signaling in the Pathogenesis of Influenza,IFNG,AXIN1,,,,,,,,,,,,,,,,,,,,,,,,,,,,,,,,,,,,,
Actin Cytoskeleton Signaling,MYL2,CFL1,CD14,LIMK1,,,,,,,,,,,,,,,,,,,,,,,,,,,,,,,,,,,
Role of Lipids/Lipid Rafts in the Pathogenesis of Influenza,IFNG,,,,,,,,,,,,,,,,,,,,,,,,,,,,,,,,,,,,,,
Prostate Cancer Signaling,CREB1,CCND1,,,,,,,,,,,,,,,,,,,,,,,,,,,,,,,,,,,,,
Aldosterone Signaling in Epithelial Cells,HSPB2,HSPB1,PRKCB,,,,,,,,,,,,,,,,,,,,,,,,,,,,,,,,,,,,
Gap Junction Signaling,TUBB3,TUBB,PRKCB,,,,,,,,,,,,,,,,,,,,,,,,,,,,,,,,,,,,
Pyrimidine Ribonucleotides Interconversion,ENTPD1,,,,,,,,,,,,,,,,,,,,,,,,,,,,,,,,,,,,,,
"D-myo-inositol (1,4,5)-Trisphosphate Biosynthesis",CCR1,,,,,,,,,,,,,,,,,,,,,,,,,,,,,,,,,,,,,,
Pyrimidine Ribonucleotides De Novo Biosynthesis,ENTPD1,,,,,,,,,,,,,,,,,,,,,,,,,,,,,,,,,,,,,,
p53 Signaling,MAPK8,CCND1,,,,,,,,,,,,,,,,,,,,,,,,,,,,,,,,,,,,,
TWEAK Signaling,CASP8,,,,,,,,,,,,,,,,,,,,,,,,,,,,,,,,,,,,,,
Interferon Signaling,IFNG,,,,,,,,,,,,,,,,,,,,,,,,,,,,,,,,,,,,,,
Telomerase Signaling,MYC,PPP2CA,,,,,,,,,,,,,,,,,,,,,,,,,,,,,,,,,,,,,
RhoGDI Signaling,MYL2,CFL1,LIMK1,,,,,,,,,,,,,,,,,,,,,,,,,,,,,,,,,,,,
CREB Signaling in Neurons,GRIN2A,CREB1,PRKCB,,,,,,,,,,,,,,,,,,,,,,,,,,,,,,,,,,,,
Notch Signaling,ADAM17,,,,,,,,,,,,,,,,,,,,,,,,,,,,,,,,,,,,,,
fMLP Signaling in Neutrophils,NCF1,PRKCB,,,,,,,,,,,,,,,,,,,,,,,,,,,,,,,,,,,,,
Sphingosine-1-phosphate Signaling,CASP1,CASP8,,,,,,,,,,,,,,,,,,,,,,,,,,,,,,,,,,,,,
Mechanisms of Viral Exit from Host Cells,PRKCB,,,,,,,,,,,,,,,,,,,,,,,,,,,,,,,,,,,,,,
Transcriptional Regulatory Network in Embryonic Stem Cells,STAT3,,,,,,,,,,,,,,,,,,,,,,,,,,,,,,,,,,,,,,
Androgen Signaling,CCND1,PRKCB,,,,,,,,,,,,,,,,,,,,,,,,,,,,,,,,,,,,,
Superpathway of Inositol Phosphate Compounds,PTPRC,CCR1,PTPN6,,,,,,,,,,,,,,,,,,,,,,,,,,,,,,,,,,,,
Thrombin Signaling,MYL2,CREB1,PRKCB,,,,,,,,,,,,,,,,,,,,,,,,,,,,,,,,,,,,
mTOR Signaling,HMOX1,PPP2CA,PRKCB,,,,,,,,,,,,,,,,,,,,,,,,,,,,,,,,,,,,
Melanoma Signaling,CCND1,,,,,,,,,,,,,,,,,,,,,,,,,,,,,,,,,,,,,,
Hereditary Breast Cancer Signaling,UBC,CCND1,,,,,,,,,,,,,,,,,,,,,,,,,,,,,,,,,,,,,
PTEN Signaling,TGFBR1,CCND1,,,,,,,,,,,,,,,,,,,,,,,,,,,,,,,,,,,,,
"D-myo-inositol (1,4,5,6)-Tetrakisphosphate Biosynthesis",PTPRC,PTPN6,,,,,,,,,,,,,,,,,,,,,,,,,,,,,,,,,,,,,
"D-myo-inositol (3,4,5,6)-tetrakisphosphate Biosynthesis",PTPRC,PTPN6,,,,,,,,,,,,,,,,,,,,,,,,,,,,,,,,,,,,,
eNOS Signaling,CASP8,AQP4,,,,,,,,,,,,,,,,,,,,,,,,,,,,,,,,,,,,,
CNTF Signaling,STAT3,,,,,,,,,,,,,,,,,,,,,,,,,,,,,,,,,,,,,,
Lymphotoxin ë_ Receptor Signaling,LTBR,,,,,,,,,,,,,,,,,,,,,,,,,,,,,,,,,,,,,,
Role of CHK Proteins in Cell Cycle Checkpoint Control,PPP2CA,,,,,,,,,,,,,,,,,,,,,,,,,,,,,,,,,,,,,,
Regulation of Cellular Mechanics by Calpain Protease,CCND1,,,,,,,,,,,,,,,,,,,,,,,,,,,,,,,,,,,,,,
3-phosphoinositide Degradation,PTPRC,PTPN6,,,,,,,,,,,,,,,,,,,,,,,,,,,,,,,,,,,,,
Superpathway of Melatonin Degradation,MPO,,,,,,,,,,,,,,,,,,,,,,,,,,,,,,,,,,,,,,
Regulation of eIF4 and p70S6K Signaling,PPP2CA,EIF2S1,,,,,,,,,,,,,,,,,,,,,,,,,,,,,,,,,,,,,
Gë±q Signaling,HMOX1,PRKCB,,,,,,,,,,,,,,,,,,,,,,,,,,,,,,,,,,,,,
Antiproliferative Role of Somatostatin Receptor 2,PTPN6,,,,,,,,,,,,,,,,,,,,,,,,,,,,,,,,,,,,,,
3-phosphoinositide Biosynthesis,PTPRC,PTPN6,,,,,,,,,,,,,,,,,,,,,,,,,,,,,,,,,,,,,
Non-Small Cell Lung Cancer Signaling,CCND1,,,,,,,,,,,,,,,,,,,,,,,,,,,,,,,,,,,,,,
Hypoxia Signaling in the Cardiovascular System,CREB1,,,,,,,,,,,,,,,,,,,,,,,,,,,,,,,,,,,,,,
Basal Cell Carcinoma Signaling,AXIN1,,,,,,,,,,,,,,,,,,,,,,,,,,,,,,,,,,,,,,